{
  "Create User Post Request - Create user" : {
    "transaction" : "Create User Post Request - Create user",
    "sampleCount" : 10,
    "errorCount" : 0,
    "errorPct" : 0.0,
    "meanResTime" : 201.39999999999998,
    "medianResTime" : 124.0,
    "minResTime" : 123.0,
    "maxResTime" : 899.0,
    "pct1ResTime" : 821.6000000000003,
    "pct2ResTime" : 899.0,
    "pct3ResTime" : 899.0,
    "throughput" : 2.3126734505087883,
    "receivedKBytesPerSec" : 0.8988711262719704,
    "sentKBytesPerSec" : 0.8783190477567068
  },
  "Total" : {
    "transaction" : "Total",
    "sampleCount" : 30,
    "errorCount" : 0,
    "errorPct" : 0.0,
    "meanResTime" : 149.66666666666666,
    "medianResTime" : 124.0,
    "minResTime" : 123.0,
    "maxResTime" : 899.0,
    "pct1ResTime" : 125.0,
    "pct2ResTime" : 473.84999999999945,
    "pct3ResTime" : 899.0,
    "throughput" : 6.561679790026247,
    "receivedKBytesPerSec" : 2.5268447889326335,
    "sentKBytesPerSec" : 2.1205845363079616
  },
  "Create User Delete Request - Delete user" : {
    "transaction" : "Create User Delete Request - Delete user",
    "sampleCount" : 10,
    "errorCount" : 0,
    "errorPct" : 0.0,
    "meanResTime" : 123.8,
    "medianResTime" : 124.0,
    "minResTime" : 123.0,
    "maxResTime" : 126.0,
    "pct1ResTime" : 125.8,
    "pct2ResTime" : 126.0,
    "pct3ResTime" : 126.0,
    "throughput" : 2.86697247706422,
    "receivedKBytesPerSec" : 1.0835140123279816,
    "sentKBytesPerSec" : 0.5795540065940367
  },
  "Create User Put Request - Update user" : {
    "transaction" : "Create User Put Request - Update user",
    "sampleCount" : 10,
    "errorCount" : 0,
    "errorPct" : 0.0,
    "meanResTime" : 123.8,
    "medianResTime" : 124.0,
    "minResTime" : 123.0,
    "maxResTime" : 125.0,
    "pct1ResTime" : 125.0,
    "pct2ResTime" : 125.0,
    "pct3ResTime" : 125.0,
    "throughput" : 2.866150759529951,
    "receivedKBytesPerSec" : 1.1139921897391802,
    "sentKBytesPerSec" : 1.1109133168529666
  }
}